,target_matrix,count,mean,std,min,25%,50%,75%,max
0,Nonscored targets,402.0,12.457711442786069,13.35938881694864,0.0,6.0,7.0,18.0,91.0
1,Scored targets,206.0,81.76699029126213,115.1603508905688,1.0,19.0,38.5,83.0,832.0
